user_id,company_id,full_name,position,company_name,address,phone_number
4421142743,3403080980,田中 千代,システムエンジニア,高橋情報合同会社,秋田県福生市湯本塩原14丁目1番7号 箭坪パレス509,080-2271-7542
5188836446,4019036144,山田 七夏,技術部長,佐藤電気株式会社,徳島県武蔵村山市東神田12丁目19番3号 南郷屋コート262,080-3583-3245
9157874476,7109725063,加藤 裕樹,営業次長,山崎印刷合同会社,栃木県豊島区九段南36丁目14番5号,45-1375-8066
4331163609,6668038404,吉田 春香,係長,遠藤食品株式会社,鳥取県白井市柿木沢新田7丁目9番4号 渡辺シャルム266,080-3758-2571
5169594031,8235647582,村上 智也,カスタマーサポートマネージャー,小林運輸有限会社,和歌山県八千代市下吉羽20丁目4番10号 コート渡辺717,080-8640-1400
5396952055,6524071334,吉田 直子,営業課長,西村保険合同会社,山梨県横浜市旭区上吉羽39丁目3番2号 蟇沼クレスト851,080-2164-4829
9493073205,1831955274,加藤 充,課長,中村運輸株式会社,京都府神津島村脚折19丁目15番12号 コーポ氏家166,28-4576-3778
5661798450,181666837,吉田 京助,主任,合同会社渡辺印刷,島根県浦安市下吉羽2丁目12番16号 シティ手岡160,090-0190-4432
1236624635,346703132,吉田 裕樹,営業部長,合同会社中村建設,滋賀県印旛郡本埜村一ツ橋27丁目21番14号 横林シャルム852,080-2756-6763
3417004881,7783892331,太田 裕美子,係長,有限会社鈴木ガス,宮城県横浜市泉区芝大門3丁目8番3号 コーポ京橋239,090-9184-5670
8306794659,6088052050,佐々木 幹,データサイエンティスト,株式会社佐藤保険,静岡県長生郡長南町長畑3丁目2番6号,090-0402-1639
